Year,Health expenditure per capita (US$)
2000,17.65198708
2001,18.48871803
2002,18.06385422
2003,39.0772438
2004,44.16435242
2005,53.92662048
2006,65.7237854
2007,69.15039063
2008,80.09986115
2009,68.00685883
2010,75.58924866
2011,83.10647583
2012,91.06047821
2013,100.81700897
2014,106.11964417
2015,96.28328705
2016,78.23602295
2017,72.77430725
2018,65.70272064
2019,69.68148041
2020,69.76184845
2021,83.84061432
